{
  "_meta": {
    "saved_at": "2025-11-28T20:23:12.881741+00:00",
    "state_name": "economy",
    "version": "1.0"
  },
  "data": {
    "last_payout": 1764361392.8817248,
    "stakes": {
      "Agent_Red": 5000.0,
      "Agent_Blue": 1200.0,
      "Director_AI": 2500.0
    },
    "apy": 0.05,
    "total_distributed": 1.3458291177628525
  }
}