{
  "_meta": {
    "saved_at": "2025-12-02T23:28:53.642952+00:00",
    "state_name": "economy",
    "version": "1.0"
  },
  "data": {
    "last_payout": 1764718133.642584,
    "stakes": {
      "Agent_Red": 5000.0,
      "Agent_Blue": 1200.0,
      "Director_AI": 2500.0
    },
    "apy": 0.05,
    "total_distributed": 6.266625381517736
  }
}