{
  "_meta": {
    "saved_at": "2025-12-15T19:44:28.607366+00:00",
    "state_name": "economy",
    "version": "1.0"
  },
  "data": {
    "last_payout": 1765827868.6073139,
    "stakes": {
      "Agent_Red": 5000.0,
      "Agent_Blue": 1200.0,
      "Director_AI": 2500.0
    },
    "apy": 0.05,
    "total_distributed": 21.574042608098672
  }
}